mh123,rudrapratap@gmail.com,rudra134,Rudra Pratap Singh,30,Male,SP,Chembur,Mumbai,9632587412
mh156,shivingupta@gmail.com,shivin456789,Shivin Gupta,42,Male,ASP,Bandra,Mumbai,8523697410
mp123,shanyasingh23@gmail.com,shanya789,Shanya Singh,28,Female,DSP,Vijay Nagar,Indore,8794561230
mp189,shubhamv@gmail.com,shubham456,Shubham Verma,45,Male,Tehsildar,Mahakal Mandir,Ujjain,7563289410
up189,rivazahmad@gmail.com,rivaz456321,Rivaz Ahmed,45,Male,Hawaldar,Sangam,Allahbad,8527419630
gj450,shreyasharma@gmail.com,shreya789654,Shreya Sharma,35,Female,ADSP,Kakariya talab,Ahemdabad,8547965231
cg741,shruti.thakur@gmail.com,shrutithakur45,Shruti Thakur,36,Female,SP,Gol Bazar,Bilaspur,7896541230
knk564,amankapoor23@gmail.com,amankaps78,Aman Kapoor,52,Male,IG,Link Road,Banglore,8521479663
tn741,KrishnanIyer@gmail.com,krish2314,Krishnan Iyer,41,Male,DIG,office bank,Chennai,9852634178
as528,swayamchetri@gmail.com,swayamc456,Swayam Chetri,29,Male,IG,NIT area,Silchar,9632580000
